1,0.16583014573154,sensor1
2,0.330643165505739,sensor2
3,0.493431910244067,sensor3
4,0.653209085035357,sensor4
5,0.809016928238837,sensor5
6,0.959936595786478,sensor1
7,1.10509715701489,sensor2
8,1.24368411223821,sensor3
9,1.37494734705177,sensor4
10,1.4982084439839,sensor5
11,1.61286727853426,sensor1
12,1.71840783378632,sensor2
13,1.8144031755894,sensor3
14,1.90051953869201,sensor4
15,1.97651948309083,sensor5
16,2.04226408914921,sensor1
17,2.09771416964238,sensor2
18,2.14293048670847,sensor3
19,2.17807297162634,sensor4
20,2.20339895530346,sensor5
21,2.2192604272411,sensor1
22,2.22610035045001,sensor2
23,2.22444806922142,sensor3
24,2.21491385572108,sensor4
25,2.19818264997722,sensor5
26,2.1750070558918,sensor1
27,2.14619966333643,sensor2
28,2.1126247731268,sensor3
29,2.07518960763426,sensor4
30,2.03483509493106,sensor5
31,1.99252631862557,sensor1
32,1.94924272888269,sensor2
33,1.90596821250892,sensor3
34,1.86368112138867,sensor4
35,1.82334435897255,sensor5
36,1.78589562393686,sensor1
37,1.75223790856135,sensor2
38,1.72323034682552,sensor3
39,1.69967950372777,sensor4
40,1.6823311929212,sensor5
41,1.67186290447947,sensor1
42,1.66887691850776,sensor2
43,1.67389417345953,sensor3
44,1.68734895047682,sensor4
45,1.70958442691658,sensor5
46,1.74084914353874,sensor1
47,1.78129442070098,sensor2
48,1.83097274942057,sensor3
49,1.88983717342133,sensor4
50,1.95774166837994,sensor5
51,2.03444251461992,sensor1
52,2.11960064957348,sensor2
53,2.21278497653957,sensor3
54,2.31347659670923,sensor4
55,2.42107392220247,sensor5
56,2.53489861905543,sensor1
57,2.65420232080225,sensor2
58,2.77817404559386,sensor3
59,2.90594824276446,sensor4
60,3.03661338846471,sensor5
61,3.1692210444925,sensor1
62,3.30279528982149,sensor2
63,3.43634243060175,sensor3
64,3.56886089162188,sensor4
65,3.69935119040659,sensor5
66,3.82682589429605,sensor1
67,3.95031946102059,sensor2
68,4.0688978644464,sensor3
69,4.1816679093121,sensor4
70,4.28778614188102,sensor5
71,4.38646726746942,sensor1
72,4.47699199073556,sensor2
73,4.55871420038,sensor3
74,4.63106742645548,sensor4
75,4.69357050575051,sensor5
76,4.74583239862091,sensor1
77,4.78755610912017,sensor2
78,4.81854166923642,sensor3
79,4.83868815739294,sensor4
80,4.84799473101633,sensor5
81,4.84656066282508,sensor1
82,4.83458438044411,sensor2
83,4.81236151890658,sensor3
84,4.78028200546573,sensor4
85,4.73882620580553,sensor5
86,4.68856017011573,sensor1
87,4.63013002648832,sensor2
88,4.56425557761011,sensor3
89,4.49172316468486,sensor4
90,4.41337786983762,sensor5
91,4.33011513486212,sensor1
92,4.24287188000149,sensor2
93,4.15261721144664,sensor3
94,4.0603428103438,sensor4
95,3.96705309928351,sensor5
96,3.87375528446498,sensor1
97,3.78144937296979,sensor2
98,3.69111826482663,sensor3
99,3.60371801879929,sensor4
100,3.520168389093,sensor5
1,3.44134372746585,sensor1
2,3.36806434157927,sensor2
3,3.30108839586168,sensor3
4,3.24110443573747,sensor4
5,3.18872460984337,sensor5
6,3.14447865787932,sensor1
7,3.10880872408929,sensor2
8,3.08206504811714,sensor3
9,3.06450257621501,sensor4
10,3.05627852658454,sensor5
11,3.05745093309706,sensor1
12,3.06797818186189,sensor2
13,3.08771954519124,sensor3
14,3.11643670754298,sensor4
15,3.15379626811074,sensor5
16,3.19937319497141,sensor1
17,3.25265519619166,sensor2
18,3.31304796413261,sensor3
19,3.37988124046636,sensor4
20,3.45241564121726,sensor5
21,3.52985017354621,sensor1
22,3.61133036908443,sensor2
23,3.69595695246203,sensor3
24,3.78279495832914,sensor4
25,3.87088320568572,sensor5
26,3.95924403476578,sensor1
27,4.04689320909838,sensor2
28,4.13284988371701,sensor3
29,4.21614653982819,sensor4
30,4.295838786585,sensor5
31,4.37101493193932,sensor1
32,4.44080522685388,sensor2
33,4.50439069041896,sensor3
34,4.56101142760647,sensor4
35,4.60997435646358,sensor5
36,4.65066026744918,sensor1
37,4.68253014428985,sensor2
38,4.70513068311108,sensor3
39,4.71809895461057,sensor4
40,4.72116616260333,sensor5
41,4.71416046129778,sensor1
42,4.69700880306752,sensor2
43,4.66973779817098,sensor3
44,4.63247357774453,sensor4
45,4.58544066135395,sensor5
46,4.52895984033666,sensor1
47,4.46344509800146,sensor2
48,4.38939959737731,sensor3
49,4.30741077652009,sensor4
50,4.21814460030459,sensor5
51,4.12233902605812,sensor1
52,4.02079674824836,sensor2
53,3.91437729464267,sensor3
54,3.80398855283745,sensor4
55,3.69057781174863,sensor5
56,3.57512240750254,sensor1
57,3.45862006712005,sensor2
58,3.34207904640826,sensor3
59,3.2265081605315,sensor4
60,3.11290680680727,sensor5
61,3.00225507935205,sensor1
62,2.89550407428582,sensor2
63,2.79356648230172,sensor3
64,2.69730756253772,sensor4
65,2.60753658787905,sensor5
66,2.52499884711167,sensor1
67,2.45036828378468,sensor2
68,2.38424084527992,sensor3
69,2.32712860849255,sensor4
70,2.27945474076873,sensor5
71,2.24154934640277,sensor1
72,2.21364624014987,sensor2
73,2.19588067995021,sensor3
74,2.18828808147788,sensor4
75,2.19080372732022,sensor5
76,2.20326347365715,sensor1
77,2.2254054473454,sensor2
78,2.25687271641897,sensor3
79,2.29721690729305,sensor4
80,2.34590273250183,sensor5
81,2.40231338370477,sensor1
82,2.46575673605289,sensor2
83,2.53547230190166,sensor3
84,2.61063886437241,sensor4
85,2.69038271447315,sensor5
86,2.77378640946175,sensor1
87,2.85989796492822,sensor2
88,2.94774038874185,sensor3
89,3.03632146159494,sensor4
90,3.12464366641373,sensor5
91,3.21171416742148,sensor1
92,3.29655473914509,sensor2
93,3.37821154615888,sensor3
94,3.45576467585291,sensor4
95,3.52833732898306,sensor5
96,3.59510457618168,sensor1
97,3.6553015929467,sensor2
98,3.70823129084013,sensor3
99,3.75327126866195,sensor4
100,3.78988001416228,sensor5
1,3.81760229434518,sensor1
2,3.83607368052704,sensor2
3,3.84502416295978,sensor3
4,3.84428081892832,sensor4
5,3.83376950769084,sensor5
6,3.81351557535636,sensor1
7,3.78364356268842,sensor2
8,3.74437591878818,sensor3
9,3.69603073354529,sensor4
10,3.63901851155106,sensor5
11,3.57383801974784,sensor1
12,3.50107125034543,sensor2
13,3.42137754937729,sensor3
14,3.33548696960779,sensor4
15,3.24419291425387,sensor5
16,3.14834414507214,sensor1
17,3.04883623471528,sensor2
18,2.94660254881634,sensor3
19,2.84260484795985,sensor4
20,2.73782360349843,sensor5
21,2.63324812403459,sensor1
22,2.52986659128056,sensor2
23,2.42865610491637,sensor3
24,2.33057283597789,sensor4
25,2.23654238722369,sensor5
26,2.14745045686311,sensor1
27,2.06413389899828,sensor2
28,1.98737227017031,sensor3
29,1.9178799465443,sensor4
30,1.85629889056764,sensor5
31,1.80319213944776,sensor1
32,1.75903808058479,sensor2
33,1.7242255712326,sensor3
34,1.69904995122768,sensor4
35,1.68370998870315,sensor5
36,1.67830578938402,sensor1
37,1.68283769043326,sensor2
38,1.6972061499816,sensor3
39,1.72121263352651,sensor4
40,1.75456148842619,sensor5
41,1.79686278784235,sensor1
42,1.84763611580008,sensor2
43,1.9063152556303,sensor3
44,1.9722537350345,sensor4
45,2.04473117245332,sensor5
46,2.12296036141413,sensor1
47,2.20609502216008,sensor2
48,2.29323814319586,sensor3
49,2.3834508294917,sensor4
50,2.47576156902502,sensor5
51,2.56917582515927,sensor1
52,2.66268585910446,sensor2
53,2.75528068440455,sensor3
54,2.84595605407811,sensor4
55,2.93372438071239,sensor5
56,3.01762449048048,sensor1
57,3.09673111371093,sensor2
58,3.17016401727095,sensor3
59,3.2370966876032,sensor4
60,3.29676447774543,sensor5
61,3.34847213701775,sensor1
62,3.39160064822999,sensor2
63,3.42561330418019,sensor3
64,3.45006096281554,sensor4
65,3.46458642863306,sensor5
66,3.46892791662695,sensor1
67,3.46292156425582,sensor2
68,3.44650296641407,sensor3
69,3.41970771815285,sensor4
70,3.38267095980927,sensor5
71,3.33562592916947,sensor1
72,3.27890153521124,sensor2
73,3.2129189777474,sensor3
74,3.13818744682278,sensor4
75,3.05529894491148,sensor5
76,2.96492228372469,sensor1
77,2.86779631568511,sensor2
78,2.76472246776958,sensor3
79,2.65655665239114,sensor4
80,2.54420063621439,sensor5
81,2.42859295321299,sensor1
82,2.31069945283056,sensor2
83,2.1915035777505,sensor3
84,2.07199646848064,sensor4
85,1.95316699368716,sensor5
86,1.83599180595285,sensor1
87,1.72142552237888,sensor2
88,1.61039112820023,sensor3
89,1.50377069935504,sensor4
90,1.4023965367593,sensor5
91,1.30704280092309,sensor1
92,1.21841773054336,sensor2
93,1.13715652287163,sensor3
94,1.06381494704065,sensor4
95,0.998863754208873,sensor5
96,0.942683940417957,sensor1
97,0.895562909536596,sensor2
98,0.857691574668498,sensor3
99,0.829162427023567,sensor4
100,0.809968591582685,sensor5
1,0.800003879024633,sensor1
2,0.799063833427345,sensor2
3,0.806847765304069,sensor3
4,0.822961749687659,sensor4
5,0.846922559331771,sensor5
6,0.878162493751963,sensor1
7,0.916035055876753,sensor2
8,0.959821419607302,sensor3
9,1.00873762367971,sensor4
10,1.06194241996472,sensor5
11,1.11854569779837,sensor1
12,1.17761740017947,sensor2
13,1.23819684275288,sensor3
14,1.2993023424707,sensor4
15,1.3599410597272,sensor5
16,1.41911895562797,sensor1
17,1.47585076490096,sensor2
18,1.52916988479883,sensor3
19,1.5781380811788,sensor4
20,1.62185491477087,sensor5
21,1.65946679343852,sensor1
22,1.690175559971,sensor2
23,1.71324652958462,sensor3
24,1.72801589680658,sensor4
25,1.73389743771359,sensor5
26,1.73038844053586,sensor1
27,1.71707480534477,sensor2
28,1.69363526184237,sensor3
29,1.65984466308055,sensor4
30,1.61557632216848,sensor5
31,1.56080336858664,sensor1
32,1.49559911051981,sensor2
33,1.42013639955046,sensor3
34,1.33468600402011,sensor4
35,1.23961400726915,sensor5
36,1.13537825670677,sensor1
37,1.02252389914409,sensor2
38,0.901678046951942,sensor3
39,0.773543628286444,sensor4
40,0.638892482777004,sensor5
41,0.498557771607767,sensor1
42,0.353425777772557,sensor2
43,0.204427178374369,sensor3
44,0.0525278761139589,sensor4
45,-0.101280518485256,sensor5
46,-0.255990459080937,sensor1
47,-0.410588392170518,sensor2
48,-0.564064743267661,sensor3
49,-0.715423860886296,sensor4
50,-0.863693819044987,sensor5
51,-1.00793598041987,sensor1
52,-1.14725422466715,sensor2
53,-1.28080374978315,sensor3
54,-1.40779935863768,sensor4
55,-1.52752314796132,sensor5
56,-1.63933152303958,sensor1
57,-1.74266146810501,sensor2
58,-1.83703600985677,sensor3
59,-1.92206881960006,sensor4
60,-1.99746790810568,sensor5
61,-2.06303837635638,sensor1
62,-2.11868419478088,sensor2
63,-2.16440899328432,sensor3
64,-2.20031585426898,sensor4
65,-2.22660611080132,sensor5
66,-2.24357716202285,sensor1
67,-2.2516193277222,sensor2
68,-2.25121177358707,sensor3
69,-2.24291754794063,sensor4
70,-2.22737777964558,sensor5
71,-2.20530509524061,sensor1
72,-2.17747632117605,sensor2
73,-2.1447245441586,sensor3
74,-2.10793060902923,sensor4
75,-2.06801413921871,sensor5
76,-2.02592416959528,sensor1
77,-1.98262948539263,sensor2
78,-1.93910876384286,sensor3
79,-1.89634061711052,sensor4
80,-1.85529363611032,sensor5
81,-1.81691653478171,sensor1
82,-1.78212849339044,sensor2
83,-1.75180979743766,sensor3
84,-1.72679286580401,sensor4
85,-1.70785375786636,sensor5
86,-1.69570424453896,sensor1
87,-1.69098452255581,sensor2
88,-1.69425664488367,sensor3
89,-1.70599873299917,sensor4
90,-1.72660002895092,sensor5
91,-1.75635683673607,sensor1
92,-1.79546939363426,sensor2
93,-1.84403970284959,sensor3
94,-1.9020703492052,sensor4
95,-1.96946430981202,sensor5
96,-2.04602576169091,sensor1
97,-2.1314618783652,sensor2
98,-2.22538559755832,sensor3
99,-2.32731933242714,sensor4
100,-2.43669958933308,sensor5
1,-2.55288244609407,sensor1
2,-2.67514983606173,sensor2
3,-2.80271657531528,sensor3
4,-2.93473806283749,sensor4
5,-3.07031857681226,sensor5
6,-3.20852008422629,sensor1
7,-3.34837147582643,sensor2
8,-3.48887813423341,sensor3
9,-3.62903173968214,sensor4
10,-3.76782021548272,sensor5
11,-3.90423771389921,sensor1
12,-4.03729454273704,sensor2
13,-4.16602693352138,sensor3
14,-4.28950655372928,sensor4
15,-4.40684966809432,sensor5
16,-4.51722585750697,sensor1
17,-4.61986620845232,sensor2
18,-4.71407089121533,sensor3
19,-4.79921605118898,sensor4
20,-4.87475994448209,sensor5
21,-4.94024825657221,sensor1
22,-4.99531855091004,sensor2
23,-5.0397038030726,sensor3
24,-5.07323498519763,sensor4
25,-5.09584267491866,sensor5
26,-5.10755767276509,sensor1
27,-5.1085106218965,sensor2
28,-5.09893063400665,sensor3
29,-5.0791429351605,sensor4
30,-5.04956555511789,sensor5
31,-5.01070509325238,sensor1
32,-4.96315160339821,sensor2
33,-4.9075726487589,sensor3
34,-4.84470658630186,sensor4
35,-4.77535514775946,sensor5
36,-4.70037539138281,sensor1
37,-4.62067110487959,sensor2
38,-4.53718374544852,sensor3
39,-4.4508830074458,sensor4
40,-4.36275711193735,sensor5
41,-4.27380291516695,sensor1
42,-4.18501593477745,sensor2
43,-4.09738039344192,sensor3
44,-4.01185937938489,sensor4
45,-3.9293852221041,sensor5
46,-3.85085017945001,sensor1
47,-3.77709752910779,sensor2
48,-3.70891315348282,sensor3
49,-3.64701770205892,sensor4
50,-3.5920594095263,sensor5
51,-3.54460764142144,sensor1
52,-3.50514723175003,sensor2
53,-3.47407366914855,sensor3
54,-3.45168917965934,sensor4
55,-3.43819974523337,sensor5
56,-3.43371308772299,sensor1
57,-3.43823763847801,sensor2
58,-3.45168250380831,sensor3
59,-3.473858426624,sensor4
60,-3.50447973460796,sensor5
61,-3.54316725541696,sensor1
62,-3.5894521697428,sensor2
63,-3.64278076369232,sensor3
64,-3.70252003295722,sensor4
65,-3.76796408273196,sensor5
66,-3.838341259385,sensor1
67,-3.91282194257551,sensor2
68,-3.99052691990651,sensor3
69,-4.07053626038318,sensor4
70,-4.15189859795928,sensor5
71,-4.23364073235548,sensor1
72,-4.31477745116114,sensor2
73,-4.39432147501891,sensor3
74,-4.47129342645949,sensor4
75,-4.54473172271626,sensor5
76,-4.6137022936073,sensor1
77,-4.67730802731861,sensor2
78,-4.73469784963955,sensor3
79,-4.78507534586238,sensor4
80,-4.82770683912598,sensor5
81,-4.86192884441346,sensor1
82,-4.88715482365001,sensor2
83,-4.90288117432959,sensor3
84,-4.90869239175589,sensor4
85,-4.9042653532387,sensor5
86,-4.88937268135896,sensor1
87,-4.86388515261618,sensor2
88,-4.82777312730911,sensor3
89,-4.78110698627895,sensor4
90,-4.72405657006677,sensor5
91,-4.65688962600307,sensor1
92,-4.57996927865933,sensor2
93,-4.49375054884864,sensor3
94,-4.39877595586834,sensor4
95,-4.29567024683694,sensor5
96,-4.18513430569869,sensor1
97,-4.06793830266493,sensor2
98,-3.94491415245051,sensor3
99,-3.81694735656882,sensor4
100,-3.68496831110348,sensor5
1,-3.54994316671459,sensor1
2,-3.4128643321114,sensor2
3,-3.2747407157853,sensor3
4,-3.13658780341195,sensor4
5,-2.99941766997344,sensor5
6,-2.86422902630318,sensor1
7,-2.73199739941257,sensor2
8,-2.60366554462171,sensor3
9,-2.4801341852004,sensor4
10,-2.36225317195351,sensor5
11,-2.25081315098894,sensor1
12,-2.14653782282924,sensor2
13,-2.05007687011971,sensor3
14,-1.96199962450555,sensor4
15,-1.88278953586612,sensor5
16,-1.81283949907723,sensor1
17,-1.75244808490536,sensor2
18,-1.70181671260434,sensor3
19,-1.66104779237638,sensor4
20,-1.63014385616975,sensor5
21,-1.6090076854107,sensor1
22,-1.5974434343074,sensor2
23,-1.59515873741673,sensor3
24,-1.60176778033158,sensor4
25,-1.61679530272381,sensor5
26,-1.63968149366358,sensor1
27,-1.66978773022118,sensor2
28,-1.70640310193318,sensor3
29,-1.74875165586338,sensor4
30,-1.79600028979069,sensor5
31,-1.84726721458127,sensor1
32,-1.90163090111666,sensor2
33,-1.9581394223091,sensor3
34,-2.01582009678958,sensor4
35,-2.07368933784098,sensor5
36,-2.13076260909964,sensor1
37,-2.18606438748343,sensor2
38,-2.23863803373358,sensor3
39,-2.28755547188257,sensor4
40,-2.33192658087083,sensor5
41,-2.37090820441315,sensor1
42,-2.40371268903147,sensor2
43,-2.42961586488711,sensor3
44,-2.44796438961455,sensor4
45,-2.45818238172542,sensor5
46,-2.45977727725165,sensor1
47,-2.45234485105975,sensor2
48,-2.43557335261633,sensor3
49,-2.40924671483539,sensor4
50,-2.3732468039009,sensor5
51,-2.32755468754281,sensor1
52,-2.27225090905386,sensor2
53,-2.20751476427092,sensor3
54,-2.13362258870862,sensor4
55,-2.05094507192574,sensor5
56,-1.95994362592599,sensor1
57,-1.86116584384919,sensor2
58,-1.75524009430036,sensor3
59,-1.64286930530279,sensor4
60,-1.52482399996044,sensor5
61,-1.40193465339395,sensor1
62,-1.27508344729817,sensor2
63,-1.1451955044904,sensor3
64,-1.01322969101625,sensor4
65,-0.880169077703378,sensor5
66,-0.74701115645797,sensor1
67,-0.614757909051989,sensor2
68,-0.484405827625021,sensor3
69,-0.35693598660942,sensor4
70,-0.233304265275994,sensor5
71,-0.114431818594475,sensor1
72,-0.00119589162459643,sensor2
73,0.105578930776903,sensor3
74,0.205128951495157,sensor4
75,0.296758983724697,sensor5
76,0.379849292390914,sensor1
77,0.453861785054175,sensor2
78,0.518345390422141,sensor3
79,0.572940570710695,sensor4
80,0.617382922746064,sensor5
81,0.651505831803485,sensor1
82,0.675242151640397,sensor2
83,0.688624893909907,sensor3
84,0.691786920036165,sensor4
85,0.684959638598163,sensor5
86,0.66847072120311,sensor1
87,0.642740859635364,sensor2
88,0.608279596644175,sensor3
89,0.565680271987278,sensor4
90,0.515614134185672,sensor5
91,0.458823676778632,sensor1
92,0.396115265614921,sensor2
93,0.328351130797758,sensor3
94,0.256440803247554,sensor4
95,0.181332081393817,sensor5
96,0.104001618200507,sensor1
97,0.0254452225209843,sensor2
98,-0.0533320283687221,sensor3
99,-0.131325766324716,sensor4
100,-0.207542300345768,sensor5
1,-0.281008475504606,sensor1
2,-0.350781324356022,sensor2
3,-0.415957414453119,sensor3
4,-0.475681798640866,sensor4
5,-0.529156478766282,sensor5
6,-0.575648298308091,sensor1
7,-0.614496185135724,sensor2
8,-0.64511767210237,sensor3
9,-0.667014630393539,sensor4
10,-0.679778158419756,sensor5
11,-0.683092577480693,sensor1
12,-0.676738494353938,sensor2
13,-0.660594900285638,sensor3
14,-0.634640285489303,sensor4
15,-0.598952758096587,sensor5
16,-0.553709166452098,sensor1
17,-0.499183233603233,sensor2
18,-0.435742722706817,sensor3
19,-0.363845661757687,sensor4
20,-0.284035665444107,sensor5
21,-0.196936400956613,sensor1
22,-0.103245253130964,sensor2
23,-0.00372625230624113,sensor3
24,0.100797664353609,sensor4
25,0.209452980666271,sensor5
26,0.321324435070384,sensor1
27,0.435464271748026,sensor2
28,0.550901816709127,sensor3
29,0.666653283069451,sensor4
30,0.781731707463635,sensor5
31,0.895156918224473,sensor1
32,1.00596543564217,sensor2
33,1.11322020529596,sensor3
34,1.21602006711858,sensor4
35,1.31350886549447,sensor5
36,1.4048841092798,sensor1
37,1.48940509512926,sensor2
38,1.56640041287793,sensor3
39,1.63527475790057,sensor4
40,1.69551498229609,sensor5
41,1.74669532435054,sensor1
42,1.78848176394305,sensor2
43,1.82063546029289,sensor3
44,1.84301523761553,sensor4
45,1.85557909376928,sensor5
46,1.85838471673664,sensor1
47,1.85158900369891,sensor2
48,1.83544658742914,sensor3
49,1.81030738464783,sensor4
50,1.7766131907593,sensor5
51,1.73489335491558,sensor1
52,1.68575957854509,sensor2
53,1.62989988924236,sensor3
54,1.5680718501557,sensor4
55,1.50109507265006,sensor5
56,1.42984310698409,sensor1
57,1.35523479195753,sensor2
58,1.27822514989144,sensor3
59,1.19979591784805,sensor4
60,1.12094580963386,sensor5
61,1.04268060581965,sensor1
62,0.96600317073259,sensor2
63,0.891903496105531,sensor3
64,0.821348870804492,sensor4
65,0.755274274797408,sensor5
66,0.694573093287689,sensor1
67,0.640088243739711,sensor2
68,0.592603804399024,sensor3
69,0.552837227901239,sensor4
70,0.521432217719725,sensor5
71,0.498952338580671,sensor1
72,0.485875424642919,sensor2
73,0.482588841270619,sensor3
74,0.489385647699888,sensor4
75,0.506461698901483,sensor5
76,0.533913715558963,sensor1
77,0.571738341411138,sensor2
78,0.619832197344009,sensor3
79,0.677992931660392,sensor4
80,0.745921256004053,sensor5
81,0.823223946568929,sensor1
82,0.909417780581376,sensor2
83,1.00393436870055,sensor3
84,1.10612583503271,sensor4
85,1.21527128798789,sensor5
86,1.33058401730836,sensor1
87,1.45121934534426,sensor2
88,1.57628305411743,sensor3
89,1.70484030396346,sensor4
90,1.83592495463236,sensor5
91,1.96854919570966,sensor1
92,2.10171339013104,sensor2
93,2.23441603243676,sensor3
94,2.36566372226824,sensor4
95,2.49448105345864,sensor5
96,2.6199203199154,sensor1
97,2.74107094132511,sensor2
98,2.85706851451303,sensor3
99,2.96710340003216,sensor4
100,3.07042875820258,sensor5
1,3.16636795432537,sensor1
2,3.25432125910013,sensor2
3,3.33377177731984,sensor3
4,3.40429054562971,sensor4
5,3.46554074844103,sensor5
6,3.51728100990482,sensor1
7,3.5593677290833,sensor2
8,3.59175643502007,sensor3
9,3.61450214820431,sensor4
10,3.62775874485456,sensor5
11,3.63177733041295,sensor1
12,3.62690363854267,sensor2
13,3.61357448166026,sensor3
14,3.59231328851296,sensor4
15,3.56372477343559,sensor5
16,3.5284887905988,sensor1
17,3.48735343470656,sensor2
18,3.44112745713104,sensor3
19,3.39067207331532,sensor4
20,3.33689224335845,sensor5
21,3.28072751296264,sensor1
22,3.22314250631721,sensor2
23,3.16511716597315,sensor3
24,3.1076368372917,sensor4
25,3.05168229660558,sensor5
26,2.99821982279456,sensor1
27,2.94819141154575,sensor2
28,2.90250523014434,sensor3
29,2.86202640823873,sensor4
30,2.82756825666879,sensor5
31,2.79988400216996,sensor1
32,2.77965912061299,sensor2
33,2.76750434546007,sensor3
34,2.76394942137267,sensor4
35,2.76943766546243,sensor5
36,2.78432139060786,sensor1
37,2.80885823664731,sensor2
38,2.84320844618832,sensor3
39,2.88743311233654,sensor4
40,2.94149341593679,sensor5
41,3.00525086003341,sensor1
42,3.07846849929346,sensor2
43,3.16081315219632,sensor3
44,3.25185857397399,sensor4
45,3.3510895586881,sensor5
46,3.45790692954619,sensor1
47,3.57163336768579,sensor2
48,3.69152002127724,sensor3
49,3.81675382900065,sensor4
50,3.94646548481401,sensor5
51,4.07973796452354,sensor1
52,4.21561552905299,sensor2
53,4.35311311454688,sensor3
54,4.49122601557726,sensor4
55,4.62893976479502,sensor5
56,4.7652401104045,sensor1
57,4.89912299186222,sensor2
58,5.02960441421851,sensor3
59,5.15573012253376,sensor4
60,5.27658497979763,sensor5
61,5.39130195474278,sensor1
62,5.49907062984154,sensor2
63,5.59914514456809,sensor3
64,5.69085149465103,sensor4
65,5.77359411447516,sensor5
66,5.84686167695392,sensor1
67,5.9102320530115,sensor2
68,5.96337638121042,sensor3
69,6.00606220695071,sensor4
70,6.03815565996247,sensor5
71,6.05962264842217,sensor1
72,6.07052905784756,sensor2
73,6.07103995286911,sensor3
74,6.0614177899382,sensor4
75,6.04201965891325,sensor5
76,6.01329358116734,sensor1
77,5.97577390128678,sensor2
78,5.93007581848522,sensor3
79,5.87688911245261,sensor4
80,5.81697112640597,sensor5
81,5.75113907752934,sensor1
82,5.68026177170966,sensor2
83,5.6052508054258,sensor3
84,5.52705134277082,sensor4
85,5.44663255983138,sensor5
86,5.36497785196997,sensor1
87,5.2830749019235,sensor2
88,5.20190570802061,sensor3
89,5.12243667221678,sensor4
90,5.04560884704754,sensor5
91,4.97232843900963,sensor1
92,4.9034576633169,sensor2
93,4.83980604146458,sensor3
94,4.78212222860951,sensor4
95,4.7310864524784,sensor5
96,4.68730363940379,sensor1
97,4.65129729622037,sensor2
98,4.62350420919962,sensor3
99,4.60427001303532,sensor4
100,4.5938456741973,sensor5
1,4.59238492383249,sensor1
2,4.59994266590284,sensor2
3,4.61647437650323,sensor3
4,4.64183650039697,sensor4
5,4.6757878408402,sensor5
6,4.71799192884007,sensor1
7,4.76802034820288,sensor2
8,4.82535698317643,sensor3
9,4.88940314627034,sensor4
10,4.95948353504115,sensor5
11,5.03485295834447,sensor1
12,5.11470376486542,sensor2
13,5.19817389971976,sensor3
14,5.28435550864027,sensor4
15,5.37230400378902,sensor5
16,5.4610475006221,sensor1
17,5.54959653152288,sensor2
18,5.63695393915275,sensor3
19,5.72212485067013,sensor4
20,5.80412663315787,sensor5
21,5.88199873078532,sensor1
22,5.95481228540979,sensor2
23,6.02167944448439,sensor3
24,6.08176226326092,sensor4
25,6.13428111232759,sensor5
26,6.17852250646224,sensor1
27,6.21384627656063,sensor2
28,6.23969201296169,sensor3
29,6.2555847157686,sensor4
30,6.26113959568619,sensor5
31,6.25606597738056,sensor1
32,6.24017026633169,sensor2
33,6.21335794950515,sensor3
34,6.17563460982044,sensor4
35,6.12710594424507,sensor5
36,6.06797678529684,sensor1
37,5.99854913569243,sensor2
38,5.91921923573814,sensor3
39,5.83047369272165,sensor4
40,5.73288471093333,sensor5
41,5.62710446992993,sensor1
42,5.51385870716211,sensor2
43,5.39393956903492,sensor3
44,5.26819780177761,sensor4
45,5.1375343600946,sensor5
46,5.0028915173836,sensor1
47,4.86524356628643,sensor2
48,4.72558720242869,sensor3
49,4.58493168736841,sensor4
50,4.44428888897847,sensor5
51,4.30466329870972,sensor1
52,4.16704212541206,sensor2
53,4.03238556462344,sensor3
54,3.90161734048203,sensor4
55,3.77561561469197,sensor5
56,3.65520435330311,sensor1
57,3.54114523749025,sensor2
58,3.43413019908024,sensor3
59,3.33477465533134,sensor4
60,3.24361151048187,sensor5
61,3.16108598392199,sensor1
62,3.08755131658249,sensor2
63,3.02326539835794,sensor3
64,2.96838835017798,sensor4
65,2.9229810848012,sensor5
66,2.88700486062539,sensor1
67,2.86032183288579,sensor2
68,2.84269659664589,sensor3
69,2.83379870607525,sensor4
70,2.833206144753,sensor5
71,2.84040971223283,sensor1
72,2.85481828294945,sensor2
73,2.87576488482972,sensor3
74,2.90251353678111,sensor4
75,2.93426677664675,sensor5
76,2.97017380431743,sensor1
77,3.00933915854371,sensor2
78,3.05083184065841,sensor3
79,3.09369479395458,sensor4
80,3.13695464390927,sensor5
81,3.17963160183811,sensor1
82,3.22074943293156,sensor2
83,3.25934538898119,sensor3
84,3.29448000645673,sensor4
85,3.32524667193991,sensor5
86,3.35078085924641,sensor1
87,3.37026894584682,sensor2
88,3.38295652040205,sensor3
89,3.3881560983133,sensor4
90,3.38525416810148,sensor5
91,3.37371749811845,sensor1
92,3.35309864048246,sensor2
93,3.32304057715234,sensor3
94,3.28328046162695,sensor4
95,3.2336524187929,sensor5
96,3.17408937485534,sensor1
97,3.10462389897822,sensor2
98,3.0253880481357,sensor3
99,2.93661221663726,sensor4
100,2.83862300173456,sensor5
1,2.73184010655002,sensor1
2,2.61677231118722,sensor2
3,2.49401255219423,sensor3
4,2.36423215946136,sensor4
5,2.22817430805464,sensor5
6,2.08664675033152,sensor1
7,1.94051390087773,sensor2
8,1.79068835327203,sensor3
9,1.6381219133637,sensor4
10,1.48379623858022,sensor5
11,1.32871317671984,sensor1
12,1.17388490068861,sensor2
13,1.02032393768119,sensor3
14,0.869033192361219,sensor4
15,0.720996063658803,sensor5
16,0.57716675386848,sensor1
17,0.438460866811755,sensor2
18,0.305746388941496,sensor3
19,0.179835143440947,sensor4
20,0.0614748026463814,sensor5
21,-0.0486584614551012,sensor1
22,-0.149966615273884,sensor2
23,-0.241935623940892,sensor3
24,-0.324140475402519,sensor4
25,-0.396249318137912,sensor5
26,-0.458026671203761,sensor1
27,-0.509335674578395,sensor2
28,-0.550139357364209,sensor3
29,-0.580500911218522,sensor4
30,-0.600582966320277,sensor5
31,-0.610645877144234,sensor1
32,-0.611045035205973,sensor2
33,-0.602227235660818,sensor3
34,-0.584726134091367,sensor4
35,-0.559156838906731,sensor5
36,-0.526209693410761,sensor1
37,-0.486643309691268,sensor2
38,-0.441276923955312,sensor3
39,-0.390982149713186,sensor4
40,-0.336674211228505,sensor5
41,-0.279302744841675,sensor1
42,-0.219842260090333,sensor2
43,-0.15928235594668,sensor3
44,-0.0986177899361649,sensor4
45,-0.0388384993701449,sensor5
46,0.019080325599435,sensor1
47,0.0741880179146631,sensor2
48,0.12556796085838,sensor3
49,0.172346771423113,sensor4
50,0.213703048049834,sensor5
51,0.248875595339956,sensor1
52,0.277171043571408,sensor2
53,0.297970786899274,sensor3
54,0.31073717093114,sensor4
55,0.315018867869219,sensor5
56,0.310455385531656,sensor1
57,0.296780665221009,sensor2
58,0.273825732514566,sensor3
59,0.241520374515934,sensor4
60,0.199893826836801,sensor5
61,0.149074463474477,sensor1
62,0.0892884927155801,sensor2
63,0.0208576721298307,sensor3
64,-0.0558039344790739,sensor4
65,-0.14019412572407,sensor5
66,-0.231727615195012,sensor1
67,-0.329741917403083,sensor2
68,-0.433504008254936,sensor3
69,-0.542217693461484,sensor4
70,-0.655031611210569,sensor5
71,-0.771047789094018,sensor1
72,-0.889330669739253,sensor2
73,-1.00891651491113,sensor3
74,-1.12882309406616,sensor4
75,-1.24805956049724,sensor5
76,-1.36563641633133,sensor1
77,-1.48057546675267,sensor2
78,-1.59191966393041,sensor3
79,-1.69874274223002,sensor4
80,-1.80015854837129,sensor5
81,-1.89532997324302,sensor1
82,-1.98347739606228,sensor2
83,-2.06388655643774,sensor3
84,-2.13591577561144,sensor4
85,-2.19900245465435,sensor5
86,-2.25266878461483,sensor1
87,-2.29652661149137,sensor2
88,-2.33028140734466,sensor3
89,-2.35373530779411,sensor4
90,-2.36678918547123,sensor5
91,-2.36944373863361,sensor1
92,-2.36179958398237,sensor2
93,-2.34405635267499,sensor3
94,-2.31651079848394,sensor4
95,-2.2795539369213,sensor5
96,-2.23366724383087,sensor1
97,-2.17941795134617,sensor2
98,-2.11745348813094,sensor3
99,-2.04849511936786,sensor4
100,-1.97333084995711,sensor5
